{"v":"4.8.0","meta":{"g":"LottieFiles AE 1.0.0","a":"","k":"","d":"","tc":"#FFFFFF"},"fr":25,"ip":25,"op":75,"w":800,"h":800,"nm":"Loading #7","ddd":0,"assets":[{"id":"comp_0","layers":[{"ddd":0,"ind":1,"ty":4,"nm":"Circle","sr":1,"ks":{"o":{"a":0,"k":100,"ix":11},"r":{"a":0,"k":0,"ix":10},"p":{"a":0,"k":[400,400,0],"ix":2},"a":{"a":0,"k":[-16,14,0],"ix":1},"s":{"a":0,"k":[100,100,100],"ix":6}},"ao":0,"shapes":[{"ty":"gr","it":[{"d":1,"ty":"el","s":{"a":0,"k":[360,360],"ix":2},"p":{"a":0,"k":[0,0],"ix":3},"nm":"Ellipse Path 1","mn":"ADBE Vector Shape - Ellipse","hd":false},{"ty":"st","c":{"a":0,"k":[0,0.176470592618,0.349019616842,0.996078491211],"ix":3},"o":{"a":0,"k":100,"ix":4},"w":{"a":0,"k":39,"ix":5},"lc":2,"lj":2,"bm":0,"nm":"Stroke 1","mn":"ADBE Vector Graphic - Stroke","hd":false},{"ty":"tr","p":{"a":0,"k":[-16,14],"ix":2},"a":{"a":0,"k":[0,0],"ix":1},"s":{"a":0,"k":[100,100],"ix":3},"r":{"a":0,"k":0,"ix":6},"o":{"a":0,"k":100,"ix":7},"sk":{"a":0,"k":0,"ix":4},"sa":{"a":0,"k":0,"ix":5},"nm":"Transform"}],"nm":"Ellipse 1","np":2,"cix":2,"bm":0,"ix":1,"mn":"ADBE Vector Group","hd":false},{"ty":"tm","s":{"a":1,"k":[{"i":{"x":[0.571],"y":[1]},"o":{"x":[0.406],"y":[0]},"t":0,"s":[49]},{"i":{"x":[0.571],"y":[1]},"o":{"x":[0.406],"y":[0]},"t":25,"s":[42]},{"t":50,"s":[49]}],"ix":1},"e":{"a":1,"k":[{"i":{"x":[0.571],"y":[1]},"o":{"x":[0.406],"y":[0]},"t":0,"s":[51]},{"i":{"x":[0.571],"y":[1]},"o":{"x":[0.406],"y":[0]},"t":25,"s":[58]},{"t":50,"s":[51]}],"ix":2},"o":{"a":0,"k":0,"ix":3},"m":1,"ix":2,"nm":"Trim Paths 1","mn":"ADBE Vector Filter - Trim","hd":false}],"ip":0,"op":125,"st":0,"bm":0}]}],"layers":[{"ddd":0,"ind":1,"ty":0,"nm":"Circle 1","refId":"comp_0","sr":1,"ks":{"o":{"a":0,"k":100,"ix":11},"r":{"a":1,"k":[{"i":{"x":[0.524],"y":[0.603]},"o":{"x":[0.483],"y":[0.403]},"t":25,"s":[0]},{"t":75,"s":[360]}],"ix":10},"p":{"a":0,"k":[400,400,0],"ix":2},"a":{"a":0,"k":[400,400,0],"ix":1},"s":{"a":0,"k":[100,100,100],"ix":6}},"ao":0,"w":800,"h":800,"ip":25,"op":77,"st":25,"bm":0},{"ddd":0,"ind":2,"ty":0,"nm":"Circle 2","parent":1,"refId":"comp_0","sr":1,"ks":{"o":{"a":0,"k":100,"ix":11},"r":{"a":0,"k":120,"ix":10},"p":{"a":0,"k":[400,400,0],"ix":2},"a":{"a":0,"k":[400,400,0],"ix":1},"s":{"a":0,"k":[100,100,100],"ix":6}},"ao":0,"w":800,"h":800,"ip":25,"op":77,"st":25,"bm":0},{"ddd":0,"ind":3,"ty":0,"nm":"Circle 3","parent":1,"refId":"comp_0","sr":1,"ks":{"o":{"a":0,"k":100,"ix":11},"r":{"a":0,"k":240,"ix":10},"p":{"a":0,"k":[400,400,0],"ix":2},"a":{"a":0,"k":[400,400,0],"ix":1},"s":{"a":0,"k":[100,100,100],"ix":6}},"ao":0,"w":800,"h":800,"ip":25,"op":77,"st":25,"bm":0},{"ddd":0,"ind":4,"ty":0,"nm":"Circle 1 transparent","parent":1,"refId":"comp_0","sr":1,"ks":{"o":{"a":0,"k":20,"ix":11},"r":{"a":1,"k":[{"i":{"x":[0.972],"y":[0.988]},"o":{"x":[0.902],"y":[0]},"t":25,"s":[-5]},{"i":{"x":[0.047],"y":[1]},"o":{"x":[0.019],"y":[0.009]},"t":50,"s":[-30]},{"t":75,"s":[-5]}],"ix":10},"p":{"a":0,"k":[400,400,0],"ix":2},"a":{"a":0,"k":[400,400,0],"ix":1},"s":{"a":0,"k":[100,100,100],"ix":6}},"ao":0,"w":800,"h":800,"ip":25,"op":77,"st":25,"bm":0},{"ddd":0,"ind":5,"ty":0,"nm":"Circle 2 transparent","parent":4,"refId":"comp_0","sr":1,"ks":{"o":{"a":0,"k":20,"ix":11},"r":{"a":0,"k":120,"ix":10},"p":{"a":0,"k":[400,400,0],"ix":2},"a":{"a":0,"k":[400,400,0],"ix":1},"s":{"a":0,"k":[100,100,100],"ix":6}},"ao":0,"w":800,"h":800,"ip":25,"op":77,"st":25,"bm":0},{"ddd":0,"ind":6,"ty":0,"nm":"Circle 3 transparent","parent":4,"refId":"comp_0","sr":1,"ks":{"o":{"a":0,"k":20,"ix":11},"r":{"a":0,"k":240,"ix":10},"p":{"a":0,"k":[400,400,0],"ix":2},"a":{"a":0,"k":[400,400,0],"ix":1},"s":{"a":0,"k":[100,100,100],"ix":6}},"ao":0,"w":800,"h":800,"ip":25,"op":77,"st":25,"bm":0}],"markers":[]}