{"v":"5.5.5","fr":29.9700012207031,"ip":0,"op":91.000003706506,"w":500,"h":500,"nm":"Comp 1","ddd":0,"assets":[],"layers":[{"ddd":0,"ind":1,"ty":4,"nm":"Shape Layer 5","sr":1,"ks":{"o":{"a":0,"k":100,"ix":11},"r":{"a":0,"k":0,"ix":10},"p":{"a":0,"k":[250,250,0],"ix":2},"a":{"a":0,"k":[0,0,0],"ix":1},"s":{"a":0,"k":[362.228,362.228,100],"ix":6}},"ao":0,"shapes":[{"ty":"gr","it":[{"ind":0,"ty":"sh","ix":1,"ks":{"a":0,"k":{"i":[[-2.003,0],[-0.231,-6.654],[-4.034,-2.519],[0,-4.262],[3.615,-2.257],[0.165,-4.753],[6.655,0],[1.814,0.965],[2.33,0],[2.057,-1.094],[2.003,0],[0.231,6.654],[4.034,2.519],[0,4.262],[-3.615,2.257],[-0.165,4.753],[-6.655,0],[-1.814,-0.965],[-2.33,0],[-2.057,1.094]],"o":[[6.655,0],[0.165,4.753],[3.615,2.257],[0,4.262],[-4.034,2.519],[-0.231,6.654],[-2.003,0],[-2.057,-1.094],[-2.33,0],[-1.814,0.965],[-6.655,0],[-0.165,-4.753],[-3.615,-2.257],[0,-4.262],[4.034,-2.519],[0.231,-6.654],[2.003,0],[2.057,1.094],[2.33,0],[1.814,-0.965]],"v":[[12.457,-33.889],[24.737,-22.024],[31.441,-10.411],[37.214,0],[31.442,10.411],[24.737,22.024],[12.457,33.889],[6.705,32.435],[0,30.762],[-6.705,32.435],[-12.457,33.889],[-24.737,22.024],[-31.441,10.411],[-37.214,0],[-31.441,-10.411],[-24.737,-22.024],[-12.457,-33.889],[-6.705,-32.434],[0,-30.762],[6.705,-32.434]],"c":true},"ix":2},"nm":"Path 1","mn":"ADBE Vector Shape - Group","hd":false},{"ty":"gs","o":{"a":0,"k":100,"ix":9},"w":{"a":0,"k":2,"ix":10},"g":{"p":3,"k":{"a":0,"k":[0,1,0.447,0,0.485,0.971,0.224,0.5,1,0.941,0,1],"ix":8}},"s":{"a":0,"k":[0,0],"ix":4},"e":{"a":0,"k":[100,0],"ix":5},"t":1,"lc":2,"lj":1,"ml":4,"ml2":{"a":0,"k":4,"ix":13},"bm":0,"nm":"Gradient Stroke 1","mn":"ADBE Vector Graphic - G-Stroke","hd":false},{"ty":"fl","c":{"a":0,"k":[0.411073004031,0.677598003313,0.776471007104,1],"ix":4},"o":{"a":0,"k":0,"ix":5},"r":1,"bm":0,"nm":"Fill 1","mn":"ADBE Vector Graphic - Fill","hd":false},{"ty":"tr","p":{"a":0,"k":[0,0],"ix":2},"a":{"a":0,"k":[0,0],"ix":1},"s":{"a":0,"k":[100,100],"ix":3},"r":{"a":0,"k":0,"ix":6},"o":{"a":0,"k":100,"ix":7},"sk":{"a":0,"k":0,"ix":4},"sa":{"a":0,"k":0,"ix":5},"nm":"Transform"}],"nm":"Shape 1","np":3,"cix":2,"bm":0,"ix":1,"mn":"ADBE Vector Group","hd":false},{"ty":"tm","s":{"a":0,"k":0,"ix":1},"e":{"a":0,"k":28,"ix":2},"o":{"a":1,"k":[{"i":{"x":[0.833],"y":[0.833]},"o":{"x":[0.167],"y":[0.167]},"t":0,"s":[0]},{"t":90.0000036657751,"s":[360]}],"ix":3},"m":1,"ix":2,"nm":"Trim Paths 1","mn":"ADBE Vector Filter - Trim","hd":false}],"ip":0,"op":387.000015762833,"st":0,"bm":0},{"ddd":0,"ind":2,"ty":4,"nm":"Shape Layer 4","sr":1,"ks":{"o":{"a":0,"k":100,"ix":11},"r":{"a":0,"k":60,"ix":10},"p":{"a":0,"k":[250,250,0],"ix":2},"a":{"a":0,"k":[0,0,0],"ix":1},"s":{"a":0,"k":[362.228,362.228,100],"ix":6}},"ao":0,"shapes":[{"ty":"gr","it":[{"ind":0,"ty":"sh","ix":1,"ks":{"a":0,"k":{"i":[[-2.003,0],[-0.231,-6.654],[-4.034,-2.519],[0,-4.262],[3.615,-2.257],[0.165,-4.753],[6.655,0],[1.814,0.965],[2.33,0],[2.057,-1.094],[2.003,0],[0.231,6.654],[4.034,2.519],[0,4.262],[-3.615,2.257],[-0.165,4.753],[-6.655,0],[-1.814,-0.965],[-2.33,0],[-2.057,1.094]],"o":[[6.655,0],[0.165,4.753],[3.615,2.257],[0,4.262],[-4.034,2.519],[-0.231,6.654],[-2.003,0],[-2.057,-1.094],[-2.33,0],[-1.814,0.965],[-6.655,0],[-0.165,-4.753],[-3.615,-2.257],[0,-4.262],[4.034,-2.519],[0.231,-6.654],[2.003,0],[2.057,1.094],[2.33,0],[1.814,-0.965]],"v":[[12.457,-33.889],[24.737,-22.024],[31.441,-10.411],[37.214,0],[31.442,10.411],[24.737,22.024],[12.457,33.889],[6.705,32.435],[0,30.762],[-6.705,32.435],[-12.457,33.889],[-24.737,22.024],[-31.441,10.411],[-37.214,0],[-31.441,-10.411],[-24.737,-22.024],[-12.457,-33.889],[-6.705,-32.434],[0,-30.762],[6.705,-32.434]],"c":true},"ix":2},"nm":"Path 1","mn":"ADBE Vector Shape - Group","hd":false},{"ty":"gs","o":{"a":0,"k":100,"ix":9},"w":{"a":0,"k":0.5,"ix":10},"g":{"p":3,"k":{"a":0,"k":[0,0,0.776,1,0.485,0.247,0.388,1,1,0.494,0,1],"ix":8}},"s":{"a":0,"k":[0,0],"ix":4},"e":{"a":0,"k":[100,0],"ix":5},"t":1,"lc":2,"lj":1,"ml":4,"ml2":{"a":0,"k":4,"ix":13},"bm":0,"nm":"Gradient Stroke 1","mn":"ADBE Vector Graphic - G-Stroke","hd":false},{"ty":"fl","c":{"a":0,"k":[0.411073004031,0.677598003313,0.776471007104,1],"ix":4},"o":{"a":0,"k":0,"ix":5},"r":1,"bm":0,"nm":"Fill 1","mn":"ADBE Vector Graphic - Fill","hd":false},{"ty":"tr","p":{"a":0,"k":[0,0],"ix":2},"a":{"a":0,"k":[0,0],"ix":1},"s":{"a":0,"k":[100,100],"ix":3},"r":{"a":0,"k":0,"ix":6},"o":{"a":0,"k":100,"ix":7},"sk":{"a":0,"k":0,"ix":4},"sa":{"a":0,"k":0,"ix":5},"nm":"Transform"}],"nm":"Shape 1","np":3,"cix":2,"bm":0,"ix":1,"mn":"ADBE Vector Group","hd":false},{"ty":"tm","s":{"a":0,"k":0,"ix":1},"e":{"a":0,"k":28,"ix":2},"o":{"a":1,"k":[{"i":{"x":[0.833],"y":[0.833]},"o":{"x":[0.167],"y":[0.167]},"t":0,"s":[0]},{"t":90.0000036657751,"s":[360]}],"ix":3},"m":1,"ix":2,"nm":"Trim Paths 1","mn":"ADBE Vector Filter - Trim","hd":false}],"ip":0,"op":387.000015762833,"st":0,"bm":0},{"ddd":0,"ind":3,"ty":4,"nm":"Shape Layer 3","sr":1,"ks":{"o":{"a":0,"k":100,"ix":11},"r":{"a":0,"k":30,"ix":10},"p":{"a":0,"k":[250,250,0],"ix":2},"a":{"a":0,"k":[0,0,0],"ix":1},"s":{"a":0,"k":[362.228,362.228,100],"ix":6}},"ao":0,"shapes":[{"ty":"gr","it":[{"ind":0,"ty":"sh","ix":1,"ks":{"a":0,"k":{"i":[[-2.003,0],[-0.231,-6.654],[-4.034,-2.519],[0,-4.262],[3.615,-2.257],[0.165,-4.753],[6.655,0],[1.814,0.965],[2.33,0],[2.057,-1.094],[2.003,0],[0.231,6.654],[4.034,2.519],[0,4.262],[-3.615,2.257],[-0.165,4.753],[-6.655,0],[-1.814,-0.965],[-2.33,0],[-2.057,1.094]],"o":[[6.655,0],[0.165,4.753],[3.615,2.257],[0,4.262],[-4.034,2.519],[-0.231,6.654],[-2.003,0],[-2.057,-1.094],[-2.33,0],[-1.814,0.965],[-6.655,0],[-0.165,-4.753],[-3.615,-2.257],[0,-4.262],[4.034,-2.519],[0.231,-6.654],[2.003,0],[2.057,1.094],[2.33,0],[1.814,-0.965]],"v":[[12.457,-33.889],[24.737,-22.024],[31.441,-10.411],[37.214,0],[31.442,10.411],[24.737,22.024],[12.457,33.889],[6.705,32.435],[0,30.762],[-6.705,32.435],[-12.457,33.889],[-24.737,22.024],[-31.441,10.411],[-37.214,0],[-31.441,-10.411],[-24.737,-22.024],[-12.457,-33.889],[-6.705,-32.434],[0,-30.762],[6.705,-32.434]],"c":true},"ix":2},"nm":"Path 1","mn":"ADBE Vector Shape - Group","hd":false},{"ty":"gs","o":{"a":0,"k":100,"ix":9},"w":{"a":0,"k":0.5,"ix":10},"g":{"p":3,"k":{"a":0,"k":[0,1,0.824,0,0.485,0.5,0.812,0.5,1,0,0.8,1],"ix":8}},"s":{"a":0,"k":[0,0],"ix":4},"e":{"a":0,"k":[100,0],"ix":5},"t":1,"lc":2,"lj":1,"ml":4,"ml2":{"a":0,"k":4,"ix":13},"bm":0,"nm":"Gradient Stroke 1","mn":"ADBE Vector Graphic - G-Stroke","hd":false},{"ty":"fl","c":{"a":0,"k":[0.411073004031,0.677598003313,0.776471007104,1],"ix":4},"o":{"a":0,"k":0,"ix":5},"r":1,"bm":0,"nm":"Fill 1","mn":"ADBE Vector Graphic - Fill","hd":false},{"ty":"tr","p":{"a":0,"k":[0,0],"ix":2},"a":{"a":0,"k":[0,0],"ix":1},"s":{"a":0,"k":[100,100],"ix":3},"r":{"a":0,"k":0,"ix":6},"o":{"a":0,"k":100,"ix":7},"sk":{"a":0,"k":0,"ix":4},"sa":{"a":0,"k":0,"ix":5},"nm":"Transform"}],"nm":"Shape 1","np":3,"cix":2,"bm":0,"ix":1,"mn":"ADBE Vector Group","hd":false},{"ty":"tm","s":{"a":0,"k":0,"ix":1},"e":{"a":0,"k":28,"ix":2},"o":{"a":1,"k":[{"i":{"x":[0.833],"y":[0.833]},"o":{"x":[0.167],"y":[0.167]},"t":0,"s":[0]},{"t":90.0000036657751,"s":[360]}],"ix":3},"m":1,"ix":2,"nm":"Trim Paths 1","mn":"ADBE Vector Filter - Trim","hd":false}],"ip":0,"op":387.000015762833,"st":0,"bm":0},{"ddd":0,"ind":4,"ty":4,"nm":"Shape Layer 1","sr":1,"ks":{"o":{"a":0,"k":8,"ix":11},"r":{"a":0,"k":0,"ix":10},"p":{"a":0,"k":[250,250,0],"ix":2},"a":{"a":0,"k":[0,0,0],"ix":1},"s":{"a":0,"k":[362.228,362.228,100],"ix":6}},"ao":0,"shapes":[{"ty":"gr","it":[{"ind":0,"ty":"sh","ix":1,"ks":{"a":0,"k":{"i":[[-2.003,0],[-0.231,-6.654],[-4.034,-2.519],[0,-4.262],[3.615,-2.257],[0.165,-4.753],[6.655,0],[1.814,0.965],[2.33,0],[2.057,-1.094],[2.003,0],[0.231,6.654],[4.034,2.519],[0,4.262],[-3.615,2.257],[-0.165,4.753],[-6.655,0],[-1.814,-0.965],[-2.33,0],[-2.057,1.094]],"o":[[6.655,0],[0.165,4.753],[3.615,2.257],[0,4.262],[-4.034,2.519],[-0.231,6.654],[-2.003,0],[-2.057,-1.094],[-2.33,0],[-1.814,0.965],[-6.655,0],[-0.165,-4.753],[-3.615,-2.257],[0,-4.262],[4.034,-2.519],[0.231,-6.654],[2.003,0],[2.057,1.094],[2.33,0],[1.814,-0.965]],"v":[[12.457,-33.889],[24.737,-22.024],[31.441,-10.411],[37.214,0],[31.442,10.411],[24.737,22.024],[12.457,33.889],[6.705,32.435],[0,30.762],[-6.705,32.435],[-12.457,33.889],[-24.737,22.024],[-31.441,10.411],[-37.214,0],[-31.441,-10.411],[-24.737,-22.024],[-12.457,-33.889],[-6.705,-32.434],[0,-30.762],[6.705,-32.434]],"c":true},"ix":2},"nm":"Path 1","mn":"ADBE Vector Shape - Group","hd":false},{"ty":"st","c":{"a":0,"k":[0.81568627451,0.81568627451,0.81568627451,1],"ix":3},"o":{"a":0,"k":100,"ix":4},"w":{"a":0,"k":4,"ix":5},"lc":2,"lj":1,"ml":4,"bm":0,"nm":"Stroke 1","mn":"ADBE Vector Graphic - Stroke","hd":false},{"ty":"fl","c":{"a":0,"k":[0.411073004031,0.677598003313,0.776471007104,1],"ix":4},"o":{"a":0,"k":0,"ix":5},"r":1,"bm":0,"nm":"Fill 1","mn":"ADBE Vector Graphic - Fill","hd":false},{"ty":"tr","p":{"a":0,"k":[0,0],"ix":2},"a":{"a":0,"k":[0,0],"ix":1},"s":{"a":0,"k":[100,100],"ix":3},"r":{"a":0,"k":0,"ix":6},"o":{"a":0,"k":100,"ix":7},"sk":{"a":0,"k":0,"ix":4},"sa":{"a":0,"k":0,"ix":5},"nm":"Transform"}],"nm":"Shape 1","np":3,"cix":2,"bm":0,"ix":1,"mn":"ADBE Vector Group","hd":false},{"ty":"tm","s":{"a":0,"k":0,"ix":1},"e":{"a":0,"k":100,"ix":2},"o":{"a":0,"k":0,"ix":3},"m":1,"ix":2,"nm":"Trim Paths 1","mn":"ADBE Vector Filter - Trim","hd":false}],"ip":0,"op":387.000015762833,"st":0,"bm":0}],"markers":[]}